{
    "epoch": 49,
    "train_mae_sbp": 8.789610895504246,
    "train_mae_dbp": 5.342467591524944,
    "train_mae": 14.13207847228165,
    "val_mae_sbp": 8.825166485526346,
    "val_mae_dbp": 5.400428974267208,
    "val_mae": 14.225595532041607,
    "train_mse_sbp": 156.74787976242013,
    "train_mse_dbp": 59.288659505418075,
    "train_mse": 216.03653887457045,
    "val_mse_sbp": 156.94306437174478,
    "val_mse_dbp": 5.400428974267208,
    "val_mse": 162.343493606105,
    "lr": 5e-05
}