{
    "epoch": 199,
    "train_mae_sbp": 6.261750805762507,
    "train_mae_dbp": 3.6200419702837543,
    "train_mae": 9.881792745282572,
    "val_mae_sbp": 6.590893864631653,
    "val_mae_dbp": 3.78218150138855,
    "val_mae": 10.373075246810913,
    "train_mse_sbp": 92.60108110981602,
    "train_mse_dbp": 30.66049643485777,
    "train_mse": 123.26157772925592,
    "val_mse_sbp": 98.53973388671875,
    "val_mse_dbp": 3.78218150138855,
    "val_mse": 102.32191467285156,
    "lr": 3.200000000000001e-05,
    "features": [
        "CP",
        "DT",
        "SUT",
        "SUT_DT_ADD",
        "SW_DW_ADD10",
        "SW_DW_ADD25",
        "SW_DW_ADD33",
        "SW_DW_ADD50",
        "SW_DW_ADD66",
        "SW_DW_ADD75",
        "DW10",
        "SW_DW_DIV_50"
    ]
}