{
    "epoch": 199,
    "train_mae_sbp": 6.214892448917512,
    "train_mae_dbp": 3.4371390881076938,
    "train_mae": 9.652031529334284,
    "val_mae_sbp": 6.682941198348999,
    "val_mae_dbp": 3.5926546454429626,
    "val_mae": 10.275595903396606,
    "train_mse_sbp": 90.98661065870716,
    "train_mse_dbp": 28.48977513467112,
    "train_mse": 119.47638579337827,
    "val_mse_sbp": 101.93983840942383,
    "val_mse_dbp": 3.5926546454429626,
    "val_mse": 105.5324935913086,
    "lr": 1e-05,
    "features": [
        "CP",
        "DT",
        "SUT",
        "SUT_DT_ADD",
        "SW_DW_ADD10",
        "SW_DW_ADD25",
        "SW_DW_ADD33",
        "SW_DW_ADD50",
        "SW_DW_ADD66",
        "SW_DW_ADD75",
        "DW10",
        "SW_DW_DIV_50",
        "SW_DW_DIV_75",
        "SW_DW_DIV_33",
        "SW_DW_DIV_10"
    ]
}