{
    "epoch": 180,
    "train_mse": 131.8159910632718,
    "train_mse_sbp": 100.72548897035661,
    "train_mse_dbp": 31.090501846805697,
    "val_mse": 116.5454158782959,
    "val_mse_sbp": 112.80558776855469,
    "val_mse_dbp": 3.739828944206238,
    "train_mae": 10.507547040139475,
    "train_mae_sbp": 6.83122956368231,
    "train_mae_dbp": 3.6763174610753215,
    "val_mae": 10.88656497001648,
    "val_mae_sbp": 7.146736264228821,
    "val_mae_dbp": 3.739828944206238,
    "lr": 5e-05
}