{
    "epoch": 176,
    "train_mse": 132.52796394594253,
    "train_mse_sbp": 101.37447332566784,
    "train_mse_dbp": 31.15348994347357,
    "val_mse": 116.28325653076172,
    "val_mse_sbp": 112.5455322265625,
    "val_mse_dbp": 3.737726867198944,
    "train_mae": 10.551560155807003,
    "train_mae_sbp": 6.864721698145712,
    "train_mae_dbp": 3.6868385268795874,
    "val_mae": 10.876867532730103,
    "val_mae_sbp": 7.139140844345093,
    "val_mae_dbp": 3.737726867198944,
    "lr": 5e-05
}