{
    "epoch": 125,
    "train_mae_sbp": 6.749171057055073,
    "train_mae_dbp": 3.8292068050753687,
    "train_mae": 10.578378000567037,
    "val_mae_sbp": 6.909095525741577,
    "val_mae_dbp": 3.950973391532898,
    "val_mae": 10.860068559646606,
    "train_mse_sbp": 102.32979854460686,
    "train_mse_dbp": 34.14445378703456,
    "train_mse": 136.47425300844253,
    "val_mse_sbp": 101.59672546386719,
    "val_mse_dbp": 3.950973391532898,
    "val_mse": 105.54769897460938,
    "lr": 5e-05,
    "features": [
        "CP",
        "DT",
        "SUT",
        "SUT_DT_ADD",
        "SW_DW_ADD10",
        "SW_DW_ADD25",
        "SW_DW_ADD33",
        "SW_DW_ADD50",
        "SW_DW_ADD66",
        "SW_DW_ADD75",
        "DW10",
        "SW_DW_DIV_50"
    ]
}