{
    "epoch": 114,
    "train_mae_sbp": 6.779825472062634,
    "train_mae_dbp": 3.855862209873815,
    "train_mae": 10.635687735772901,
    "val_mae_sbp": 6.911208748817444,
    "val_mae_dbp": 3.9547747373580933,
    "val_mae": 10.865983247756958,
    "train_mse_sbp": 102.77425802907636,
    "train_mse_dbp": 34.39158907244283,
    "train_mse": 137.16584827053933,
    "val_mse_sbp": 101.54795265197754,
    "val_mse_dbp": 3.9547747373580933,
    "val_mse": 105.50272560119629,
    "lr": 5e-05,
    "features": [
        "CP",
        "DT",
        "SUT",
        "SUT_DT_ADD",
        "SW_DW_ADD10",
        "SW_DW_ADD25",
        "SW_DW_ADD33",
        "SW_DW_ADD50",
        "SW_DW_ADD66",
        "SW_DW_ADD75",
        "DW10",
        "SW_DW_DIV_50"
    ]
}