{
    "epoch": 77,
    "train_mae_sbp": 6.4281361026148645,
    "train_mae_dbp": 3.5191768292457826,
    "train_mae": 9.947312970315256,
    "val_mae_sbp": 6.775095582008362,
    "val_mae_dbp": 3.648750066757202,
    "val_mae": 10.423845767974854,
    "train_mse_sbp": 96.20530971404045,
    "train_mse_dbp": 30.051110606039725,
    "train_mse": 126.25641976633379,
    "val_mse_sbp": 100.10698509216309,
    "val_mse_dbp": 3.648750066757202,
    "val_mse": 103.75573539733887,
    "lr": 0.0008000000000000003,
    "features": [
        "CP",
        "DT",
        "SUT",
        "DW10",
        "SW_DW_ADD10",
        "SW_DW_DIV_10",
        "DW25",
        "SW_DW_ADD25",
        "SW_DW_DIV_25",
        "DW33",
        "SW_DW_ADD33",
        "SW_DW_DIV_33",
        "DW50",
        "SW_DW_ADD50",
        "SW_DW_DIV_50",
        "DW66",
        "SW_DW_ADD66",
        "SW_DW_DIV_66",
        "DW75",
        "SW_DW_ADD75",
        "SW_DW_DIV_75"
    ]
}