{
    "epoch": 124,
    "train_mae_sbp": 6.415107096395185,
    "train_mae_dbp": 3.5126812150401454,
    "train_mae": 9.92778827298072,
    "val_mae_sbp": 6.7746968269348145,
    "val_mae_dbp": 3.6432048678398132,
    "val_mae": 10.417901754379272,
    "train_mse_sbp": 95.97555788101688,
    "train_mse_dbp": 30.03236432229319,
    "train_mse": 126.00792300316596,
    "val_mse_sbp": 100.3318977355957,
    "val_mse_dbp": 3.6432048678398132,
    "val_mse": 103.9751033782959,
    "lr": 5e-05,
    "features": [
        "CP",
        "DT",
        "SUT",
        "DW10",
        "SW_DW_ADD10",
        "SW_DW_DIV_10",
        "DW25",
        "SW_DW_ADD25",
        "SW_DW_DIV_25",
        "DW33",
        "SW_DW_ADD33",
        "SW_DW_DIV_33",
        "DW50",
        "SW_DW_ADD50",
        "SW_DW_DIV_50",
        "DW66",
        "SW_DW_ADD66",
        "SW_DW_DIV_66",
        "DW75",
        "SW_DW_ADD75",
        "SW_DW_DIV_75"
    ]
}