{
    "epoch": 49,
    "train_mae_sbp": 7.464445771220624,
    "train_mae_dbp": 4.312793202416594,
    "train_mae": 11.777238970359985,
    "val_mae_sbp": 7.816957300359553,
    "val_mae_dbp": 4.451142556739576,
    "val_mae": 12.268099813750297,
    "train_mse_sbp": 120.03858001289498,
    "train_mse_dbp": 42.04810977555632,
    "train_mse": 162.08668966391653,
    "val_mse_sbp": 131.53918064001834,
    "val_mse_dbp": 4.451142556739576,
    "val_mse": 135.9903231534091,
    "lr": 0.0001
}