{
    "epoch": 199,
    "train_mae_sbp": 10.717949344265845,
    "train_mae_dbp": 5.4778108442983315,
    "train_mae": 16.195760173182332,
    "val_mae_sbp": 10.86396837234497,
    "val_mae_dbp": 5.574996590614319,
    "val_mae": 16.43896484375,
    "train_mse_sbp": 236.96503177765877,
    "train_mse_dbp": 64.7822387449203,
    "train_mse": 301.7472691689768,
    "val_mse_sbp": 245.47265625,
    "val_mse_dbp": 5.574996590614319,
    "val_mse": 251.04764938354492,
    "lr": 1e-05,
    "features": [
        "CP",
        "DT",
        "SUT",
        "SUT_DT_ADD"
    ]
}