{
    "epoch": 64,
    "train_mae_sbp": 10.883862249312863,
    "train_mae_dbp": 5.5635266919289865,
    "train_mae": 16.44738911044213,
    "val_mae_sbp": 10.930485010147095,
    "val_mae_dbp": 5.629960775375366,
    "val_mae": 16.56044626235962,
    "train_mse_sbp": 241.76895830708165,
    "train_mse_dbp": 66.04910389069587,
    "train_mse": 307.8180640435988,
    "val_mse_sbp": 243.17026138305664,
    "val_mse_dbp": 5.629960775375366,
    "val_mse": 248.80022430419922,
    "lr": 0.020000000000000004,
    "features": [
        "CP",
        "DT",
        "SUT",
        "SUT_DT_ADD"
    ]
}