{
    "epoch": 90,
    "train_mae_sbp": 6.303853050354989,
    "train_mae_dbp": 3.663421723150438,
    "train_mae": 9.967274727359895,
    "val_mae_sbp": 6.599821209907532,
    "val_mae_dbp": 3.7325125336647034,
    "val_mae": 10.33233380317688,
    "train_mse_sbp": 90.91255089544481,
    "train_mse_dbp": 31.85729758970199,
    "train_mse": 122.7698482390373,
    "val_mse_sbp": 96.20371437072754,
    "val_mse_dbp": 3.7325125336647034,
    "val_mse": 99.93622779846191,
    "lr": 0.0008000000000000003,
    "features": [
        "CP",
        "DT",
        "SUT",
        "DW10",
        "SW_DW_ADD10",
        "SW_DW_DIV_10",
        "DW25",
        "SW_DW_ADD25",
        "SW_DW_DIV_25",
        "DW33",
        "SW_DW_ADD33",
        "SW_DW_DIV_33",
        "DW50",
        "SW_DW_ADD50",
        "SW_DW_DIV_50",
        "DW66",
        "SW_DW_ADD66",
        "SW_DW_DIV_66",
        "DW75",
        "SW_DW_ADD75",
        "SW_DW_DIV_75"
    ]
}