{
    "epoch": 199,
    "train_mae_sbp": 6.260501107861919,
    "train_mae_dbp": 3.646683300695112,
    "train_mae": 9.907184354720577,
    "val_mae_sbp": 6.606209993362427,
    "val_mae_dbp": 3.731253683567047,
    "val_mae": 10.337463855743408,
    "train_mse_sbp": 90.40228862147177,
    "train_mse_dbp": 31.75230795337308,
    "train_mse": 122.15459737470073,
    "val_mse_sbp": 96.3099422454834,
    "val_mse_dbp": 3.731253683567047,
    "val_mse": 100.04119491577148,
    "lr": 1e-05,
    "features": [
        "CP",
        "DT",
        "SUT",
        "DW10",
        "SW_DW_ADD10",
        "SW_DW_DIV_10",
        "DW25",
        "SW_DW_ADD25",
        "SW_DW_DIV_25",
        "DW33",
        "SW_DW_ADD33",
        "SW_DW_DIV_33",
        "DW50",
        "SW_DW_ADD50",
        "SW_DW_DIV_50",
        "DW66",
        "SW_DW_ADD66",
        "SW_DW_DIV_66",
        "DW75",
        "SW_DW_ADD75",
        "SW_DW_DIV_75"
    ]
}