{
    "epoch": 41,
    "train_mae_sbp": 6.343287021883072,
    "train_mae_dbp": 3.53156735820155,
    "train_mae": 9.874854395466466,
    "val_mae_sbp": 6.581151008605957,
    "val_mae_dbp": 3.620882987976074,
    "val_mae": 10.20203423500061,
    "train_mse_sbp": 93.3923583492156,
    "train_mse_dbp": 30.10466957092285,
    "train_mse": 123.49702773555633,
    "val_mse_sbp": 94.85626983642578,
    "val_mse_dbp": 3.620882987976074,
    "val_mse": 98.47715377807617,
    "lr": 0.004000000000000001,
    "features": [
        "CP",
        "DT",
        "SUT",
        "SUT_DT_ADD",
        "SW_DW_ADD10",
        "SW_DW_ADD25",
        "SW_DW_ADD33",
        "SW_DW_ADD50",
        "SW_DW_ADD66",
        "SW_DW_ADD75",
        "DW10",
        "SW_DW_DIV_50",
        "SW_DW_DIV_75",
        "SW_DW_DIV_33",
        "SW_DW_DIV_10"
    ]
}