{
    "epoch": 199,
    "train_mae_sbp": 8.222272073068927,
    "train_mae_dbp": 4.4570978533837105,
    "train_mae": 12.679369864925262,
    "val_mae_sbp": 8.170055031776428,
    "val_mae_dbp": 4.444445371627808,
    "val_mae": 12.614500522613525,
    "train_mse_sbp": 146.9794688070974,
    "train_mse_dbp": 47.26242643787015,
    "train_mse": 194.2418951219128,
    "val_mse_sbp": 145.1168212890625,
    "val_mse_dbp": 4.444445371627808,
    "val_mse": 149.5612678527832,
    "lr": 1e-05,
    "features": [
        "CP",
        "DT",
        "SUT",
        "SUT_DT_ADD",
        "SW_DW_ADD50"
    ]
}