{
    "epoch": 120,
    "train_mae_sbp": 8.223490515062887,
    "train_mae_dbp": 4.470576424752513,
    "train_mae": 12.694067032106462,
    "val_mae_sbp": 8.163127422332764,
    "val_mae_dbp": 4.444835901260376,
    "val_mae": 12.60796332359314,
    "train_mse_sbp": 147.07413974885017,
    "train_mse_dbp": 47.323260522657826,
    "train_mse": 194.39739990234375,
    "val_mse_sbp": 144.7553482055664,
    "val_mse_dbp": 4.444835901260376,
    "val_mse": 149.2001838684082,
    "lr": 0.0008000000000000003,
    "features": [
        "CP",
        "DT",
        "SUT",
        "SUT_DT_ADD",
        "SW_DW_ADD50"
    ]
}