{
    "epoch": 124,
    "train_mae_sbp": 8.450965881347656,
    "train_mae_dbp": 4.65731817676175,
    "train_mae": 13.108283996582031,
    "val_mae_sbp": 8.428401470184326,
    "val_mae_dbp": 4.654234766960144,
    "val_mae": 13.08263635635376,
    "train_mse_sbp": 152.92771320958292,
    "train_mse_dbp": 49.605740454889116,
    "train_mse": 202.53345366447203,
    "val_mse_sbp": 151.37818908691406,
    "val_mse_dbp": 4.654234766960144,
    "val_mse": 156.0324249267578,
    "lr": 5e-05,
    "features": [
        "CP",
        "DT",
        "SUT",
        "SUT_DT_ADD",
        "SW_DW_ADD50"
    ]
}