{
    "epoch": 117,
    "train_mae_sbp": 8.455103689624417,
    "train_mae_dbp": 4.669989478203558,
    "train_mae": 13.125093121682443,
    "val_mae_sbp": 8.42744493484497,
    "val_mae_dbp": 4.655321955680847,
    "val_mae": 13.082766771316528,
    "train_mse_sbp": 152.9735830983808,
    "train_mse_dbp": 49.77443129016507,
    "train_mse": 202.74801389632685,
    "val_mse_sbp": 151.23440170288086,
    "val_mse_dbp": 4.655321955680847,
    "val_mse": 155.88972854614258,
    "lr": 5e-05,
    "features": [
        "CP",
        "DT",
        "SUT",
        "SUT_DT_ADD",
        "SW_DW_ADD50"
    ]
}