{
    "epoch": 0,
    "train_mae_sbp": 20.38711399958179,
    "train_mae_dbp": 12.11952026534614,
    "train_mae": 32.50663423784423,
    "val_mae_sbp": 20.97424128605769,
    "val_mae_dbp": 13.674076887277456,
    "val_mae": 34.648318364070015,
    "train_mse_sbp": 609.8079505171916,
    "train_mse_dbp": 212.75096511184245,
    "train_mse": 822.5589151037744,
    "val_mse_sbp": 612.547998046875,
    "val_mse_dbp": 13.674076887277456,
    "val_mse": 626.2220740685096,
    "lr": 0.1
}