{
    "epoch": 124,
    "train_mae_sbp": 10.934884871205975,
    "train_mae_dbp": 5.6989619962630735,
    "train_mae": 16.6338469905238,
    "val_mae_sbp": 10.967751502990723,
    "val_mae_dbp": 5.767095327377319,
    "val_mae": 16.73484706878662,
    "train_mse_sbp": 242.2345462922127,
    "train_mse_dbp": 69.64353401430192,
    "train_mse": 311.8780803065146,
    "val_mse_sbp": 247.94290924072266,
    "val_mse_dbp": 5.767095327377319,
    "val_mse": 253.71000289916992,
    "lr": 5e-05,
    "features": [
        "CP",
        "DT",
        "SUT",
        "SUT_DT_ADD"
    ]
}