{
    "epoch": 47,
    "train_mae_sbp": 10.9766664197368,
    "train_mae_dbp": 5.721163841985887,
    "train_mae": 16.697830169431626,
    "val_mae_sbp": 10.996417999267578,
    "val_mae_dbp": 5.793161034584045,
    "val_mae": 16.789578437805176,
    "train_mse_sbp": 243.85781565020162,
    "train_mse_dbp": 69.72198978547127,
    "train_mse": 313.5798083889869,
    "val_mse_sbp": 247.1116714477539,
    "val_mse_dbp": 5.793161034584045,
    "val_mse": 252.9048309326172,
    "lr": 0.004000000000000001,
    "features": [
        "CP",
        "DT",
        "SUT",
        "SUT_DT_ADD"
    ]
}